PMID,title,journal,pubYear,nodeGroup,nCitedBy
31402384,Safety and Immunogenicity of a Respiratory Syncytial Virus Fusion (F) Protein Nanoparticle Vaccine in Healthy Third-Trimester Pregnant Women and Their Infants.,The Journal of infectious diseases,2019,2,11
16873249,Supramolecular architecture of severe acute respiratory syndrome coronavirus revealed by electron cryomicroscopy.,Journal of virology,2006,2,111
31978945,"A Novel Coronavirus from Patients with Pneumonia in China, 2019.",The New England journal of medicine,2020,2,5574
12393927,PHENIX: building new software for automated crystallographic structure determination.,"Acta crystallographica. Section D, Biological crystallography",2002,2,2357
33220855,"Safety and immunogenicity of ChAdOx1 nCoV-19 vaccine administered in a prime-boost regimen in young and old adults (COV002): a single-blind, randomised, controlled, phase 2/3 trial.","Lancet (London, England)",2020,1,36
29073020,Tectonic conformational changes of a coronavirus spike glycoprotein promote membrane fusion.,Proceedings of the National Academy of Sciences of the United States of America,2017,2,142
32637598,Impact of mRNA chemistry and manufacturing process on innate immune activation.,Science advances,2020,2,4
12781533,Epidemiological determinants of spread of causal agent of severe acute respiratory syndrome in Hong Kong.,"Lancet (London, England)",2003,2,411
32267220,Severe Acute Respiratory Syndrome Coronavirus 2-Specific Antibody Responses in Coronavirus Disease Patients.,Emerging infectious diseases,2020,2,372
22808149,A novel chimpanzee adenovirus vector with low human seroprevalence: improved systems for vector derivation and comparative immunogenicity.,PloS one,2012,2,100
32595632,Structure-Based Design of Nipah Virus Vaccines: A Generalizable Approach to Paramyxovirus Immunogen Development.,Frontiers in immunology,2020,2,3
32967006,SARS-CoV-2 vaccines in development.,Nature,2020,2,92
21150709,Messenger RNA-based vaccines with dual activity induce balanced TLR-7 dependent adaptive immune responses and provide antitumor activity.,"Journal of immunotherapy (Hagerstown, Md. : 1997)",2011,2,84
29409570,"Early season co-circulation of influenza A(H3N2) and B(Yamagata): interim estimates of 2017/18 vaccine effectiveness, Canada, January 2018.",Euro surveillance : bulletin Europeen sur les maladies transmissibles = European communicable disease bulletin,2018,2,43
12671062,A cluster of cases of severe acute respiratory syndrome in Hong Kong.,The New England journal of medicine,2003,2,474
18438401,A combinatorial library of lipid-like materials for delivery of RNAi therapeutics.,Nature biotechnology,2008,2,335
16322745,Immunopathogenesis of coronavirus infections: implications for SARS.,Nature reviews. Immunology,2005,2,194
29066091,Influenza vaccination in tropical and subtropical areas.,The Lancet. Respiratory medicine,2017,2,8
27892925,A mouse model for MERS coronavirus-induced acute respiratory distress syndrome.,Nature microbiology,2016,2,96
29467399,Assessment of novel vaccination regimens using viral vectored liver stage malaria vaccines encoding ME-TRAP.,Scientific reports,2018,2,14
29739835,Nucleoside-modified mRNA vaccines induce potent T follicular helper and germinal center B cell responses.,The Journal of experimental medicine,2018,2,53
14996844,Structural characterization of the SARS-coronavirus spike S fusion protein core.,The Journal of biological chemistry,2004,2,110
32235945,Virological assessment of hospitalized patients with COVID-2019.,Nature,2020,2,1343
30703077,"Postlicensure Safety Surveillance of Recombinant Zoster Vaccine (Shingrix) - United States, October 2017-June 2018.",MMWR. Morbidity and mortality weekly report,2019,2,10
24179220,Structure-based design of a fusion glycoprotein vaccine for respiratory syncytial virus.,"Science (New York, N.Y.)",2013,2,306
28428558,"A joint analysis of influenza-associated hospitalizations and mortality in Hong Kong, 1998-2013.",Scientific reports,2017,2,17
32731257,Single-shot Ad26 vaccine protects against SARS-CoV-2 in rhesus macaques.,Nature,2020,2,96
25714138,Immunogenicity of intramuscular MF59-adjuvanted and intradermal administered influenza enhanced vaccines in subjects aged over 60: A literature review.,Human vaccines & immunotherapeutics,2015,2,20
32670071,Convalescent Plasma Coupled With Medications for the Treatment of a Severe COVID-19 Patient: Drugs Analysis and Pharmaceutical Care Based on the Newly Established Guidelines for COVID-19 Remedy.,Frontiers in pharmacology,2020,2,2
18199635,Structural basis for potent cross-neutralizing human monoclonal antibody protection against lethal human and zoonotic severe acute respiratory syndrome coronavirus challenge.,Journal of virology,2008,2,81
26887309,[Immunological surrogate endpoints to evaluate vaccine efficacy].,Zhonghua yu fang yi xue za zhi [Chinese journal of preventive medicine],2015,2,1
32203189,Characterization of the receptor-binding domain (RBD) of 2019 novel coronavirus: implication for development of RBD protein as a viral attachment inhibitor and vaccine.,Cellular & molecular immunology,2020,2,320
15033648,A modified poisson regression approach to prospective studies with binary data.,American journal of epidemiology,2004,2,2525
11711632,Differential histopathology and chemokine gene expression in lung tissues following respiratory syncytial virus (RSV) challenge of formalin-inactivated RSV- or BBG2Na-immunized mice.,Journal of virology,2001,2,17
26935699,Pre-fusion structure of a human coronavirus spike protein.,Nature,2016,2,236
32778225,"Development of an Inactivated Vaccine Candidate, BBIBP-CorV, with Potent Protection against SARS-CoV-2.",Cell,2020,2,68
15210961,Contributions of the structural proteins of severe acute respiratory syndrome coronavirus to protective immunity.,Proceedings of the National Academy of Sciences of the United States of America,2004,2,180
17913310,Safety and immunogenicity of a high dosage trivalent influenza vaccine among elderly subjects.,Vaccine,2007,2,60
32454512,A human neutralizing antibody targets the receptor-binding site of SARS-CoV-2.,Nature,2020,2,188
20110095,Immunization with an attenuated severe acute respiratory syndrome coronavirus deleted in E protein protects against lethal respiratory disease.,Virology,2010,2,69
31828291,"Comparative Immunogenicity of Several Enhanced Influenza Vaccine Options for Older Adults: A Randomized, Controlled Trial.",Clinical infectious diseases : an official publication of the Infectious Diseases Society of America,2020,1,11
24667168,Low 2012-13 influenza vaccine effectiveness associated with mutation in the egg-adapted H3N2 vaccine strain not antigenic drift in circulating viruses.,PloS one,2014,2,138
23824369,Traditional and new influenza vaccines.,Clinical microbiology reviews,2013,2,116
26650692,Innate immune system activation by viral RNA: How to predict it?,Virology,2015,2,3
14976262,Species-specific recognition of single-stranded RNA via toll-like receptor 7 and 8.,"Science (New York, N.Y.)",2004,2,1107
31995857,"Early Transmission Dynamics in Wuhan, China, of Novel Coronavirus-Infected Pneumonia.",The New England journal of medicine,2020,2,3642
20406307,Effect of mucosal and systemic immunization with virus-like particles of severe acute respiratory syndrome coronavirus in mice.,Immunology,2010,2,33
16121363,A serological survey on neutralizing antibody titer of SARS convalescent sera.,Journal of medical virology,2005,2,31
25027661,A cationic nanoemulsion for the delivery of next-generation RNA vaccines.,Molecular therapy : the journal of the American Society of Gene Therapy,2014,2,66
31712433,mRNA structure regulates protein expression through changes in functional half-life.,Proceedings of the National Academy of Sciences of the United States of America,2019,2,15
27682426,Pre-fusion F is absent on the surface of formalin-inactivated respiratory syncytial virus.,Scientific reports,2016,2,34
17537853,Interferon-mediated immunopathological events are associated with atypical innate and adaptive immune responses in patients with severe acute respiratory syndrome.,Journal of virology,2007,2,187
25540984,Lipid-based mRNA vaccine delivery systems.,Expert review of vaccines,2014,2,40
33069281,"Safety and immunogenicity of an inactivated SARS-CoV-2 vaccine, BBIBP-CorV: a randomised, double-blind, placebo-controlled, phase 1/2 trial.",The Lancet. Infectious diseases,2020,2,22
32839763,"SARS-CoV-2-Specific T Cells Exhibit Phenotypic Features of Helper Function, Lack of Terminal Differentiation, and High Proliferation Potential.",Cell reports. Medicine,2020,2,20
26259809,"A Randomized, Blinded, Controlled, Dose-Ranging Study of a Respiratory Syncytial Virus Recombinant Fusion (F) Nanoparticle Vaccine in Healthy Women of Childbearing Age.",The Journal of infectious diseases,2015,2,53
23542122,A simple method of mouse lung intubation.,Journal of visualized experiments : JoVE,2013,2,22
33139139,NVX-CoV2373 vaccine protects cynomolgus macaque upper and lower airways against SARS-CoV-2 challenge.,Vaccine,2020,1,20
30938227,Towards a solution to MERS: protective human monoclonal antibodies targeting different domains and functions of the MERS-coronavirus spike glycoprotein.,Emerging microbes & infections,2019,2,39
17931153,"GlaxoSmithKline Adjuvant Systems in vaccines: concepts, achievements and perspectives.",Expert review of vaccines,2007,2,141
25697739,Clinical effectiveness of split-virion versus subunit trivalent influenza vaccines in older adults.,Clinical infectious diseases : an official publication of the Infectious Diseases Society of America,2015,2,14
25832102,Immunogenicity of reduced dose priming schedules of serogroup C meningococcal conjugate vaccine followed by booster at 12 months in infants: open label randomised controlled trial.,BMJ (Clinical research ed.),2015,2,6
15814718,Receptor-binding domain of severe acute respiratory syndrome coronavirus spike protein contains multiple conformation-dependent epitopes that induce highly potent neutralizing antibodies.,"Journal of immunology (Baltimore, Md. : 1950)",2005,2,135
28275193,Structure-Based Design of a Soluble Prefusion-Closed HIV-1 Env Trimer with Reduced CD4 Affinity and Improved Immunogenicity.,Journal of virology,2017,2,32
18258008,Duration of antibody responses after severe acute respiratory syndrome.,Emerging infectious diseases,2007,2,106
30356097,Stabilized coronavirus spikes are resistant to conformational changes induced by receptor recognition or proteolysis.,Scientific reports,2018,2,114
15827197,Aged BALB/c mice as a model for increased severity of severe acute respiratory syndrome in elderly humans.,Journal of virology,2005,2,122
29872003,ISOLDE: a physically realistic environment for model building into low-resolution electron-density maps.,"Acta crystallographica. Section D, Structural biology",2018,2,67
30785039,Optimization of Lipid Nanoparticles for Intramuscular Administration of mRNA Vaccines.,Molecular therapy. Nucleic acids,2019,2,28
25640653,Identification of an ideal adjuvant for receptor-binding domain-based subunit vaccines against Middle East respiratory syndrome coronavirus.,Cellular & molecular immunology,2015,2,69
29277291,Adaptive evolution influences the infectious dose of MERS-CoV necessary to achieve severe respiratory disease.,Virology,2017,2,20
16022774,SARS vaccine development.,Emerging infectious diseases,2005,2,79
14752165,Molecular evolution of the SARS coronavirus during the course of the SARS epidemic in China.,"Science (New York, N.Y.)",2004,2,334
32726802,A vaccine targeting the RBD of the S protein of SARS-CoV-2 induces protective immunity.,Nature,2020,2,45
18656518,The contribution of type I interferon signaling to immunity induced by alphavirus replicon vaccines.,Vaccine,2008,2,14
18991332,Inference by eye: reading the overlap of independent confidence intervals.,Statistics in medicine,2009,2,90
32325038,"Safety and immunogenicity of a candidate Middle East respiratory syndrome coronavirus viral-vectored vaccine: a dose-escalation, open-label, non-randomised, uncontrolled, phase 1 trial.",The Lancet. Infectious diseases,2020,2,40
25882242,Type 2 cytokines: mechanisms and therapeutic strategies.,Nature reviews. Immunology,2015,2,200
14506376,Effect of palivizumab prophylaxis in decreasing respiratory syncytial virus hospitalizations in premature infants.,The Pediatric infectious disease journal,2003,2,37
15033360,Very fast folding and association of a trimerization domain from bacteriophage T4 fibritin.,Journal of molecular biology,2004,2,33
33034689,"COVID-19 in critical care: epidemiology of the first epidemic wave across England, Wales and Northern Ireland.",Intensive care medicine,2020,2,11
32046819,"Incubation period of 2019 novel coronavirus (2019-nCoV) infections among travellers from Wuhan, China, 20-28 January 2020.",Euro surveillance : bulletin Europeen sur les maladies transmissibles = European communicable disease bulletin,2020,2,391
30691364,Structure-Based Vaccine Antigen Design.,Annual review of medicine,2019,2,25
17499378,Animal models and vaccines for SARS-CoV infection.,Virus research,2007,2,73
16586358,Dose-related safety and immunogenicity of a trivalent baculovirus-expressed influenza-virus hemagglutinin vaccine in elderly adults.,The Journal of infectious diseases,2006,2,36
32534626,"Seroprevalence of anti-SARS-CoV-2 IgG antibodies in Geneva, Switzerland (SEROCoV-POP): a population-based study.","Lancet (London, England)",2020,2,140
18562523,Cathepsin L functionally cleaves the severe acute respiratory syndrome coronavirus class I fusion protein upstream of rather than adjacent to the fusion peptide.,Journal of virology,2008,2,117
28636855,Efficacy of Recombinant Influenza Vaccine in Adults 50 Years of Age or Older.,The New England journal of medicine,2017,2,47
32722908,Evaluation of the mRNA-1273 Vaccine against SARS-CoV-2 in Nonhuman Primates.,The New England journal of medicine,2020,1,92
14715271,A model of the ACE2 structure and function as a SARS-CoV receptor.,Biochemical and biophysical research communications,2004,2,71
29326426,mRNA vaccines - a new era in vaccinology.,Nature reviews. Drug discovery,2018,2,269
28935236,Effectiveness of influenza vaccines in preventing severe influenza illness among adults: A systematic review and meta-analysis of test-negative design case-control studies.,The Journal of infection,2017,2,31
12885899,The coronavirus spike protein is a class I virus fusion protein: structural and functional characterization of the fusion core complex.,Journal of virology,2003,2,504
16101349,Elicitation of immunity in mice after immunization with the S2 subunit of the severe acute respiratory syndrome coronavirus.,DNA and cell biology,2005,2,15
28585916,"MERS-CoV Antibody Responses 1 Year after Symptom Onset, South Korea, 2015.",Emerging infectious diseases,2017,2,90
4305198,Respiratory syncytial virus disease in infants despite prior administration of antigenic inactivated vaccine.,American journal of epidemiology,1969,2,601
27332149,Persistence of Antibodies against Middle East Respiratory Syndrome Coronavirus.,Emerging infectious diseases,2016,2,73
20008423,Motavizumab for prophylaxis of respiratory syncytial virus in high-risk children: a noninferiority trial.,Pediatrics,2009,2,59
15755610,Evaluation of modified vaccinia virus Ankara based recombinant SARS vaccine in ferrets.,Vaccine,2005,2,89
8254673,Comparative protein modelling by satisfaction of spatial restraints.,Journal of molecular biology,1993,2,4452
4284810,Selective chemical modifications of uridine and pseudouridine in polynucleotides and their effect on the specificities of ribonuclease and phosphodiesterases.,Journal of the American Chemical Society,1965,2,8
25520500,Severe acute respiratory syndrome-associated coronavirus vaccines formulated with delta inulin adjuvants provide enhanced protection while ameliorating lung eosinophilic immunopathology.,Journal of virology,2014,2,72
24066892,Immune senescence and vaccination in the elderly.,Current topics in medicinal chemistry,2013,2,10
16039576,Cell type-specific involvement of RIG-I in antiviral response.,Immunity,2005,2,521
8627759,Respiratory synctial virus infection in BALB/c mice previously immunized with formalin-inactivated virus induces enhanced pulmonary inflammatory response with a predominant Th2-like cytokine pattern.,Journal of virology,1996,2,112
15043961,Interaction between heptad repeat 1 and 2 regions in spike protein of SARS-associated coronavirus: implications for virus fusogenic mechanism and identification of fusion inhibitors.,"Lancet (London, England)",2004,2,220
33077678,Prospects for a safe COVID-19 vaccine.,Science translational medicine,2020,1,11
16476986,Comparative evaluation of two severe acute respiratory syndrome (SARS) vaccine candidates in mice challenged with SARS coronavirus.,The Journal of general virology,2006,2,64
29109276,Contemporary H3N2 influenza viruses have a glycosylation site that alters binding of antibodies elicited by egg-adapted vaccine strains.,Proceedings of the National Academy of Sciences of the United States of America,2017,2,141
20080679,"Lipid-like materials for low-dose, in vivo gene silencing.",Proceedings of the National Academy of Sciences of the United States of America,2010,2,263
32352406,Prototype pathogen approach for pandemic preparedness: world on fire.,The Journal of clinical investigation,2020,2,4
32142651,SARS-CoV-2 Cell Entry Depends on ACE2 and TMPRSS2 and Is Blocked by a Clinically Proven Protease Inhibitor.,Cell,2020,2,3590
25119609,Efficacy of high-dose versus standard-dose influenza vaccine in older adults.,The New England journal of medicine,2014,2,175
14963300,Medicine. Caution urged on SARS vaccines.,"Science (New York, N.Y.)",2004,2,47
21937658,A double-inactivated severe acute respiratory syndrome coronavirus vaccine provides incomplete protection in mice and induces increased eosinophilic proinflammatory pulmonary response upon challenge.,Journal of virology,2011,1,174
31613649,Aiming for protective T-cell responses: a focus on the first generation conserved-region HIVconsv vaccines in preventive and therapeutic clinical trials.,Expert review of vaccines,2019,2,6
23887981,Mixture models for single-cell assays with applications to vaccine studies.,"Biostatistics (Oxford, England)",2013,2,28
18824060,A SARS DNA vaccine induces neutralizing antibody and cellular immune responses in healthy adults in a Phase I clinical trial.,Vaccine,2008,2,110
32616673,Primary exposure to SARS-CoV-2 protects against reinfection in rhesus macaques.,"Science (New York, N.Y.)",2020,2,98
33301246,Safety and Efficacy of the BNT162b2 mRNA Covid-19 Vaccine.,The New England journal of medicine,2020,0,162
1546298,Reversal of diabetes insipidus in Brattleboro rats: intrahypothalamic injection of vasopressin mRNA.,"Science (New York, N.Y.)",1992,2,39
32640463,Factors associated with COVID-19-related death using OpenSAFELY.,Nature,2020,2,385
15194798,An exposed domain in the severe acute respiratory syndrome coronavirus spike protein induces neutralizing antibodies.,Journal of virology,2004,2,57
32618497,High neutralizing antibody titer in intensive care unit patients with COVID-19.,Emerging microbes & infections,2020,2,21
20709108,"Generation of VSV pseudotypes using recombinant ΔG-VSV for studies on virus entry, identification of entry inhibitors, and immune responses to vaccines.",Journal of virological methods,2010,2,94
31591575,Real-time cryo-electron microscopy data preprocessing with Warp.,Nature methods,2019,2,65
33200120,Ethnicity and clinical outcomes in COVID-19: A systematic review and meta-analysis.,EClinicalMedicine,2020,2,10
27025838,A Perfect Storm: Impact of Genomic Variation and Serial Vaccination on Low Influenza Vaccine Effectiveness During the 2014-2015 Season.,Clinical infectious diseases : an official publication of the Infectious Diseases Society of America,2016,2,70
32255761,High Contagiousness and Rapid Spread of Severe Acute Respiratory Syndrome Coronavirus 2.,Emerging infectious diseases,2020,2,286
19036930,Synthetic recombinant bat SARS-like coronavirus is infectious in cultured cells and in mice.,Proceedings of the National Academy of Sciences of the United States of America,2008,2,110
17515829,Atypical measles and enhanced respiratory syncytial virus disease (ERD) made simple.,Pediatric research,2007,2,23
29275847,Self-Amplifying RNA Vaccines Give Equivalent Protection against Influenza to mRNA Vaccines but at Much Lower Doses.,Molecular therapy : the journal of the American Society of Gene Therapy,2017,2,59
32979941,Robust T Cell Immunity in Convalescent Individuals with Asymptomatic or Mild COVID-19.,Cell,2020,2,169
15530413,Inactivated SARS-CoV vaccine elicits high titers of spike protein-specific antibodies that block receptor binding and virus entry.,Biochemical and biophysical research communications,2004,2,72
22536382,Immunization with SARS coronavirus vaccines leads to pulmonary immunopathology on challenge with the SARS virus.,PloS one,2012,1,195
26218507,Evaluation of candidate vaccine approaches for MERS-CoV.,Nature communications,2015,2,149
22426327,"Safety and immunogenicity of a novel human Enterovirus 71 (EV71) vaccine: a randomized, placebo-controlled, double-blind, Phase I clinical trial.",Vaccine,2012,2,38
15474494,Receptor-binding domain of SARS-CoV spike protein induces highly potent neutralizing antibodies: implication for developing subunit vaccine.,Biochemical and biophysical research communications,2004,2,175
32507409,"Consensus summary report for CEPI/BC March 12-13, 2020 meeting: Assessment of risk of disease enhancement with COVID-19 vaccines.",Vaccine,2020,2,24
16954221,"Structural basis of neutralization by a human anti-severe acute respiratory syndrome spike protein antibody, 80R.",The Journal of biological chemistry,2006,2,100
18941225,Prior immunization with severe acute respiratory syndrome (SARS)-associated coronavirus (SARS-CoV) nucleocapsid protein causes severe pneumonia in mice infected with SARS-CoV.,"Journal of immunology (Baltimore, Md. : 1950)",2008,2,93
15367630,Retroviruses pseudotyped with the severe acute respiratory syndrome coronavirus spike protein efficiently infect cells expressing angiotensin-converting enzyme 2.,Journal of virology,2004,2,110
18981084,Cutting edge: Eosinophils do not contribute to respiratory syncytial virus vaccine-enhanced disease.,"Journal of immunology (Baltimore, Md. : 1950)",2008,2,30
16461566,Specific epitopes of the structural and hypothetical proteins elicit variable humoral responses in SARS patients.,Journal of clinical pathology,2006,2,17
28807998,Immunogenicity and structures of a rationally designed prefusion MERS-CoV spike antigen.,Proceedings of the National Academy of Sciences of the United States of America,2017,2,230
32091533,Characteristics of and Important Lessons From the Coronavirus Disease 2019 (COVID-19) Outbreak in China: Summary of a Report of 72 314 Cases From the Chinese Center for Disease Control and Prevention.,JAMA,2020,2,3911
23296925,In vitro transcription of long RNA containing modified nucleosides.,"Methods in molecular biology (Clifton, N.J.)",2013,2,28
32065055,Potent binding of 2019 novel coronavirus spike protein by a SARS coronavirus-specific human monoclonal antibody.,Emerging microbes & infections,2020,2,407
22166544,"RNAscope: a novel in situ RNA analysis platform for formalin-fixed, paraffin-embedded tissues.",The Journal of molecular diagnostics : JMD,2012,2,669
9143688,Neutralizing antiviral B cell responses.,Annual review of immunology,1997,2,131
21762752,Chimeric severe acute respiratory syndrome coronavirus (SARS-CoV) S glycoprotein and influenza matrix 1 efficiently form virus-like particles (VLPs) that protect mice against challenge with SARS-CoV.,Vaccine,2011,2,42
32726528,Single-Dose Nirsevimab for Prevention of RSV in Preterm Infants.,The New England journal of medicine,2020,2,12
29456015,Multi-antigenic human cytomegalovirus mRNA vaccines that elicit potent humoral and cell-mediated immunity.,Vaccine,2018,2,32
16195440,Virology. Researchers tie deadly SARS virus to bats.,"Science (New York, N.Y.)",2005,2,10
32756549,SARS-CoV-2 mRNA vaccine design enabled by prototype pathogen preparedness.,Nature,2020,1,85
30216647,Seasonal influenza immunisation: Strategies for older adults.,International journal of clinical practice,2018,2,6
6072745,Altered reactivity to measles virus. Atypical measles in children previously immunized with inactivated measles virus vaccines.,JAMA,1967,2,84
19393959,Incubation periods of acute respiratory viral infections: a systematic review.,The Lancet. Infectious diseases,2009,2,255
20876821,How innate immune mechanisms contribute to antibody-enhanced viral infections.,Clinical and vaccine immunology : CVI,2010,2,51
32064853,[The epidemiological characteristics of an outbreak of 2019 novel coronavirus diseases (COVID-19) in China].,Zhonghua liu xing bing xue za zhi = Zhonghua liuxingbingxue zazhi,2020,2,995
15837235,Comparison of single versus booster dose of influenza vaccination on humoral and cellular immune responses in older adults.,Vaccine,2005,2,21
16169905,Severe acute respiratory syndrome coronavirus-like virus in Chinese horseshoe bats.,Proceedings of the National Academy of Sciences of the United States of America,2005,2,678
33089772,"Serologic Responses in Healthy Adult with SARS-CoV-2 Reinfection, Hong Kong, August 2020.",Emerging infectious diseases,2020,2,6
32171076,"Clinical course and risk factors for mortality of adult inpatients with COVID-19 in Wuhan, China: a retrospective cohort study.","Lancet (London, England)",2020,2,6093
22825819,Seroprevalence of neutralizing antibodies to human adenovirus type 5 in healthy adults in China.,Journal of medical virology,2012,2,14
27269431,Immunization with inactivated Middle East Respiratory Syndrome coronavirus vaccine leads to lung immunopathology on challenge with live virus.,Human vaccines & immunotherapeutics,2016,1,97
12925421,"Investigation of a nosocomial outbreak of severe acute respiratory syndrome (SARS) in Toronto, Canada.",CMAJ : Canadian Medical Association journal = journal de l'Association medicale canadienne,2003,2,160
32792628,A high-throughput neutralizing antibody assay for COVID-19 diagnosis and vaccine evaluation.,Nature communications,2020,2,24
19297479,Differential virological and immunological outcome of severe acute respiratory syndrome coronavirus infection in susceptible and resistant transgenic mice expressing human angiotensin-converting enzyme 2.,Journal of virology,2009,2,22
23159882,"Protective efficacy of in vitro synthesized, specific mRNA vaccines against influenza A virus infection.",Nature biotechnology,2012,2,116
29519670,Heterologous Two-Dose Vaccination with Simian Adenovirus and Poxvirus Vectors Elicits Long-Lasting Cellular Immunity to Influenza Virus A in Healthy Adults.,EBioMedicine,2018,2,39
22908294,Nonviral delivery of self-amplifying RNA vaccines.,Proceedings of the National Academy of Sciences of the United States of America,2012,2,148
27775012,Comparison of incubation period distribution of human infections with MERS-CoV in South Korea and Saudi Arabia.,Scientific reports,2016,2,22
29897849,Improved Titers against Influenza Drift Variants with a Nanoparticle Vaccine.,The New England journal of medicine,2018,2,11
1889744,Modulation of firefly luciferase stability and impact on studies of gene regulation.,Gene,1991,2,123
32577525,A single dose of ChAdOx1 MERS provides protective immunity in rhesus macaques.,Science advances,2020,2,17
15547138,Activation of the protein kinase PKR by short double-stranded RNAs with single-stranded tails.,"RNA (New York, N.Y.)",2004,2,49
32555424,Clinical and immunological assessment of asymptomatic SARS-CoV-2 infections.,Nature medicine,2020,2,481
32555134,"Coronavirus Disease 2019 Case Surveillance - United States, January 22-May 30, 2020.",MMWR. Morbidity and mortality weekly report,2020,2,154
10918485,Sodium phosphate enhances plasmid DNA expression in vivo.,Gene therapy,2000,2,13
32075877,Cryo-EM structure of the 2019-nCoV spike in the prefusion conformation.,"Science (New York, N.Y.)",2020,1,1802
28393837,Cryo-EM structures of MERS-CoV and SARS-CoV spike glycoproteins reveal the dynamic receptor binding domains.,Nature communications,2017,2,249
32303590,"Comparative pathogenesis of COVID-19, MERS, and SARS in a nonhuman primate model.","Science (New York, N.Y.)",2020,2,218
10918143,Optimization of repeated-batch transcription for RNA production.,Biotechnology and bioengineering,2000,2,1
25233993,mRNA-based therapeutics--developing a new class of drugs.,Nature reviews. Drug discovery,2014,2,272
32346146,The race for coronavirus vaccines: a graphical guide.,Nature,2020,2,76
15096554,Antibody response and viraemia during the course of severe acute respiratory syndrome (SARS)-associated coronavirus infection.,Journal of medical microbiology,2004,2,26
26552008,A SARS-like cluster of circulating bat coronaviruses shows potential for human emergence.,Nature medicine,2015,2,245
16035944,Vaccine design for severe acute respiratory syndrome coronavirus.,Viral immunology,2005,2,16
20374001,A 219-mer CHO-expressing receptor-binding domain of SARS-CoV S protein induces potent immune responses and protective immunity.,Viral immunology,2010,2,27
19420084,Early upregulation of acute respiratory distress syndrome-associated cytokines promotes lethal disease in an aged-mouse model of severe acute respiratory syndrome coronavirus infection.,Journal of virology,2009,2,79
15024391,A DNA vaccine induces SARS coronavirus neutralization and protective immunity in mice.,Nature,2004,2,329
28165473,cryoSPARC: algorithms for rapid unsupervised cryo-EM structure determination.,Nature methods,2017,2,650
9175832,IL-4 rapidly produced by V beta 4 V alpha 8 CD4+ T cells instructs Th2 development and susceptibility to Leishmania major in BALB/c mice.,Immunity,1997,2,86
32385100,Rapid COVID-19 vaccine development.,"Science (New York, N.Y.)",2020,2,105
12711465,Coronavirus as a possible cause of severe acute respiratory syndrome.,"Lancet (London, England)",2003,2,1395
33015650,Cross-Sectional Evaluation of Humoral Responses against SARS-CoV-2 Spike.,Cell reports. Medicine,2020,2,20
15205534,Promotion of B cell immune responses via an alum-induced myeloid cell population.,"Science (New York, N.Y.)",2004,2,77
7962541,"Anti-IL-4 treatment at immunization modulates cytokine expression, reduces illness, and increases cytotoxic T lymphocyte activity in mice challenged with respiratory syncytial virus.",The Journal of clinical investigation,1994,2,50
14567964,Fatal systemic inflammatory response syndrome in a ornithine transcarbamylase deficient patient following adenoviral gene transfer.,Molecular genetics and metabolism,2003,2,371
33217362,"Safety, tolerability, and immunogenicity of an inactivated SARS-CoV-2 vaccine in healthy adults aged 18-59 years: a randomised, double-blind, placebo-controlled, phase 1/2 clinical trial.",The Lancet. Infectious diseases,2020,1,26
30551178,Comparative Immunogenicity of Enhanced Seasonal Influenza Vaccines in Older Adults: A Systematic Review and Meta-analysis.,The Journal of infectious diseases,2019,2,10
16796401,Human monoclonal antibody combination against SARS coronavirus: synergy and coverage of escape mutants.,PLoS medicine,2006,2,207
12927681,Purine and pyrimidine metabolites in children's urine.,Clinica chimica acta; international journal of clinical chemistry,2003,2,9
30742894,Novel genetically-modified chimpanzee adenovirus and MVA-vectored respiratory syncytial virus vaccine safely boosts humoral and cellular immunity in healthy older adults.,The Journal of infection,2019,2,10
18419349,Varicella-zoster virus-specific immune responses in elderly recipients of a herpes zoster vaccine.,The Journal of infectious diseases,2008,2,113
32346093,"The trinity of COVID-19: immunity, inflammation and intervention.",Nature reviews. Immunology,2020,2,676
31986261,A familial cluster of pneumonia associated with the 2019 novel coronavirus indicating person-to-person transmission: a study of a family cluster.,"Lancet (London, England)",2020,2,2306
16597622,Structure of severe acute respiratory syndrome coronavirus receptor-binding domain complexed with neutralizing antibody.,The Journal of biological chemistry,2006,2,125
18753223,Severe acute respiratory syndrome vaccine efficacy in ferrets: whole killed virus and adenovirus-vectored vaccines.,The Journal of general virology,2008,2,41
18018769,Safety and immunogenicity from a phase I trial of inactivated severe acute respiratory syndrome coronavirus vaccine.,Antiviral therapy,2007,2,64
31504163,Automatic local resolution-based sharpening of cryo-EM maps.,"Bioinformatics (Oxford, England)",2020,2,19
17932806,mRNA-based gene transfer as a tool for gene and cell therapy.,Current opinion in molecular therapeutics,2007,2,37
31096710,Safety and Immunogenicity of a Novel Recombinant Simian Adenovirus ChAdOx2 as a Vectored Vaccine.,Vaccines,2019,2,5
17108019,Severe acute respiratory syndrome coronavirus infection of mice transgenic for the human Angiotensin-converting enzyme 2 virus receptor.,Journal of virology,2006,2,109
15265895,IFN-alpha subtypes differentially affect human T cell motility.,"Journal of immunology (Baltimore, Md. : 1950)",2004,2,23
12574374,IL-13 is sufficient for respiratory syncytial virus G glycoprotein-induced eosinophilia after respiratory syncytial virus challenge.,"Journal of immunology (Baltimore, Md. : 1950)",2003,2,43
29513216,"<i>cis</i>TEM, user-friendly software for single-particle image processing.",eLife,2018,2,196
26921779,"Matrix-M adjuvant enhances antibody, cellular and protective immune responses of a Zaire Ebola/Makona virus glycoprotein (GP) nanoparticle vaccine in mice.",Vaccine,2016,2,28
17855683,Disappearance of antibodies to SARS-associated coronavirus after recovery.,The New England journal of medicine,2007,2,104
12958366,Isolation and characterization of viruses related to the SARS coronavirus from animals in southern China.,"Science (New York, N.Y.)",2003,2,926
32731258,ChAdOx1 nCoV-19 vaccine prevents SARS-CoV-2 pneumonia in rhesus macaques.,Nature,2020,1,167
33306989,"Safety and efficacy of the ChAdOx1 nCoV-19 vaccine (AZD1222) against SARS-CoV-2: an interim analysis of four randomised controlled trials in Brazil, South Africa, and the UK.","Lancet (London, England)",2020,1,75
29348656,Quantifying the Risk and Cost of Active Monitoring for Infectious Diseases.,Scientific reports,2018,2,5
15695582,Cross-host evolution of severe acute respiratory syndrome coronavirus in palm civet and human.,Proceedings of the National Academy of Sciences of the United States of America,2005,2,300
31996437,Receptor Recognition by the Novel Coronavirus from Wuhan: an Analysis Based on Decade-Long Structural Studies of SARS Coronavirus.,Journal of virology,2020,2,1117
20303868,Asthma and allergic inflammation.,Cell,2010,2,145
33378609,Efficacy and Safety of the mRNA-1273 SARS-CoV-2 Vaccine.,The New England journal of medicine,2020,0,62
26038486,Rapidly produced SAM(®) vaccine against H7N9 influenza is immunogenic in mice.,Emerging microbes & infections,2013,2,70
32998157,COVID-19 vaccine BNT162b1 elicits human antibody and T<sub>H</sub>1 T cell responses.,Nature,2020,2,51
7839312,Properties of inhibitory and excitatory synapses between hippocampal neurons in very low density cultures.,"Synapse (New York, N.Y.)",1994,2,37
22816037,Mechanisms of coronavirus cell entry mediated by the viral spike protein.,Viruses,2012,2,339
32003551,Transmission of 2019-nCoV Infection from an Asymptomatic Contact in Germany.,The New England journal of medicine,2020,2,1161
32574299,"COVID-19: Emergence, Spread, Possible Treatments, and Global Burden.",Frontiers in public health,2020,2,16
32219428,Treatment of 5 Critically Ill Patients With COVID-19 With Convalescent Plasma.,JAMA,2020,2,742
19321428,Activation of the SARS coronavirus spike protein via sequential proteolytic cleavage at two distinct sites.,Proceedings of the National Academy of Sciences of the United States of America,2009,2,317
16968120,SARS: systematic review of treatment effects.,PLoS medicine,2006,2,462
33053279,Safety and Immunogenicity of Two RNA-Based Covid-19 Vaccine Candidates.,The New England journal of medicine,2020,1,76
22032844,Efficacy and effectiveness of influenza vaccines: a systematic review and meta-analysis.,The Lancet. Infectious diseases,2011,1,646
29199281,Emerging viral diseases from a vaccinology perspective: preparing for the next pandemic.,Nature immunology,2017,2,26
19176631,"Alphavirus-adjuvanted norovirus-like particle vaccines: heterologous, humoral, and mucosal immune responses protect against murine norovirus challenge.",Journal of virology,2009,2,33
15264254,UCSF Chimera--a visualization system for exploratory research and analysis.,Journal of computational chemistry,2004,2,11535
25629663,A Monovalent Chimpanzee Adenovirus Ebola Vaccine Boosted with MVA.,The New England journal of medicine,2015,2,145
16973594,Proteolytic activation of influenza viruses by serine proteases TMPRSS2 and HAT from human airway epithelium.,Journal of virology,2006,2,190
15150417,Severe acute respiratory syndrome coronavirus (SARS-CoV) infection inhibition using spike protein heptad repeat-derived peptides.,Proceedings of the National Academy of Sciences of the United States of America,2004,2,172
32697968,Tracking Changes in SARS-CoV-2 Spike: Evidence that D614G Increases Infectivity of the COVID-19 Virus.,Cell,2020,2,452
26855426,Cryo-electron microscopy structure of a coronavirus spike glycoprotein trimer.,Nature,2016,2,190
15314040,A subcutaneously injected UV-inactivated SARS coronavirus vaccine elicits systemic humoral immunity in mice.,International immunology,2004,2,60
31534041,The 3.1-Angstrom Cryo-electron Microscopy Structure of the Porcine Epidemic Diarrhea Virus Spike Protein in the Prefusion Conformation.,Journal of virology,2019,2,14
32085823,"Antiretroviral therapy alone versus antiretroviral therapy with a kick and kill approach, on measures of the HIV reservoir in participants with recent HIV infection (the RIVER trial): a phase 2, randomised trial.","Lancet (London, England)",2020,2,8
32702298,"Safety and immunogenicity of the ChAdOx1 nCoV-19 vaccine against SARS-CoV-2: a preliminary report of a phase 1/2, single-blind, randomised controlled trial.","Lancet (London, England)",2020,1,262
21703402,Excessive neutrophils and neutrophil extracellular traps contribute to acute lung injury of influenza pneumonitis.,The American journal of pathology,2011,2,293
32007145,Genomic characterisation and epidemiology of 2019 novel coronavirus: implications for virus origins and receptor binding.,"Lancet (London, England)",2020,2,2794
16111635,Suppression of RNA recognition by Toll-like receptors: the impact of nucleoside modification and the evolutionary origin of RNA.,Immunity,2005,2,348
19345285,A novel histologic scoring system to evaluate mucosal biopsies from patients with eosinophilic esophagitis.,Clinical gastroenterology and hepatology : the official clinical practice journal of the American Gastroenterological Association,2009,2,73
21632986,MF59 adjuvant enhances diversity and affinity of antibody-mediated immune response to pandemic influenza vaccines.,Science translational medicine,2011,2,143
29566112,Novel Vaccine Technologies: Essential Components of an Adequate Response to Emerging Viral Diseases.,JAMA,2018,2,22
26203246,Respiratory syncytial virus-like nanoparticle vaccination induces long-term protection without pulmonary disease by modulating cytokines and T-cells partially through alveolar macrophages.,International journal of nanomedicine,2015,2,9
28008928,Cryo-electron microscopy structures of the SARS-CoV spike glycoprotein reveal a prerequisite conformational state for receptor binding.,Cell research,2016,2,179
8559660,Stabilization of RNA stacking by pseudouridine.,Nucleic acids research,1995,2,135
15096611,Severe acute respiratory syndrome coronavirus spike protein expressed by attenuated vaccinia virus protectively immunizes mice.,Proceedings of the National Academy of Sciences of the United States of America,2004,2,232
32539990,A minimal common outcome measure set for COVID-19 clinical research.,The Lancet. Infectious diseases,2020,2,51
32207377,Establishment and validation of a pseudovirus neutralization assay for SARS-CoV-2.,Emerging microbes & infections,2020,2,120
14670965,A 193-amino acid fragment of the SARS coronavirus S protein efficiently binds angiotensin-converting enzyme 2.,The Journal of biological chemistry,2003,2,336
27092831,Safety and Immunogenicity of Novel Adenovirus Type 26- and Modified Vaccinia Ankara-Vectored Ebola Vaccines: A Randomized Clinical Trial.,JAMA,2016,2,99
14976261,Innate antiviral responses by means of TLR7-mediated recognition of single-stranded RNA.,"Science (New York, N.Y.)",2004,2,1067
26446606,Characterization and Demonstration of the Value of a Lethal Mouse Model of Middle East Respiratory Syndrome Coronavirus Infection and Disease.,Journal of virology,2015,2,47
32087114,An interactive web-based dashboard to track COVID-19 in real time.,The Lancet. Infectious diseases,2020,2,1358
28413427,Immunogenicity and safety of a respiratory syncytial virus fusion protein (RSV F) nanoparticle vaccine in older adults.,Immunity & ageing : I & A,2017,2,22
32191675,WHO Declares COVID-19 a Pandemic.,Acta bio-medica : Atenei Parmensis,2020,2,528
25742465,Emergency postexposure vaccination with vesicular stomatitis virus-vectored Ebola vaccine after needlestick.,JAMA,2015,2,40
15504263,"Laboratory diagnosis of four recent sporadic cases of community-acquired SARS, Guangdong Province, China.",Emerging infectious diseases,2004,2,68
32877576,Phase 1-2 Trial of a SARS-CoV-2 Recombinant Spike Protein Nanoparticle Vaccine.,The New England journal of medicine,2020,1,91
18071662,Vaccination with messenger RNA (mRNA).,Handbook of experimental pharmacology,2008,2,29
21398392,A West Nile virus DNA vaccine utilizing a modified promoter induces neutralizing antibody in younger and older healthy adults in a phase I clinical trial.,The Journal of infectious diseases,2011,2,62
19493565,"Safety, immunogenicity, and efficacy of quadrivalent human papillomavirus (types 6, 11, 16, 18) recombinant vaccine in women aged 24-45 years: a randomised, double-blind trial.","Lancet (London, England)",2009,2,138
17227689,Utility of the aged BALB/c mouse model to demonstrate prevention and control strategies for severe acute respiratory syndrome coronavirus (SARS-CoV).,Vaccine,2006,2,16
31371616,A proof of concept for structure-based vaccine design targeting RSV in humans.,"Science (New York, N.Y.)",2019,2,40
28635557,"Cellular immune responses of older adults to four influenza vaccines: Results of a randomized, controlled comparison.",Human vaccines & immunotherapeutics,2017,2,10
32199492,"Safety, reactogenicity, and immunogenicity of a chimpanzee adenovirus vectored Ebola vaccine in children in Africa: a randomised, observer-blind, placebo-controlled, phase 2 trial.",The Lancet. Infectious diseases,2020,2,4
20087930,The prevalence of antibodies to adenovirus serotype 5 in an adult Indian population and implications for adenovirus vector vaccines.,Journal of medical virology,2010,2,15
26465999,Adjuvanted Herpes Zoster Subunit Vaccine in Older Adults.,The New England journal of medicine,2015,1,10
27617430,Glycan shield and epitope masking of a coronavirus spike protein observed by cryo-electron microscopy.,Nature structural & molecular biology,2016,2,136
17194199,Vaccine efficacy in senescent mice challenged with recombinant SARS-CoV bearing epidemic and zoonotic spike variants.,PLoS medicine,2006,2,137
15731223,Amino acids 1055 to 1192 in the S2 region of severe acute respiratory syndrome coronavirus S protein induce neutralizing antibodies: implications for the development of vaccines and antiviral agents.,Journal of virology,2005,2,56
17038590,5'-Triphosphate RNA is the ligand for RIG-I.,"Science (New York, N.Y.)",2006,2,944
20980507,Successful vaccination strategies that protect aged mice from lethal challenge from influenza virus and heterologous severe acute respiratory syndrome coronavirus.,Journal of virology,2010,2,43
22278370,Comparative proteomic analysis of eleven common cell lines reveals ubiquitous but varying expression of most proteins.,Molecular & cellular proteomics : MCP,2012,2,286
21755013,Bacteria-specific neutrophil dysfunction associated with interferon-stimulated gene expression in the acute respiratory distress syndrome.,PloS one,2011,2,9
15749124,Identification of a critical neutralization determinant of severe acute respiratory syndrome (SARS)-associated coronavirus: importance for designing SARS vaccines.,Virology,2005,2,65
9814710,"Structure of the hemagglutinin precursor cleavage site, a determinant of influenza pathogenicity and the origin of the labile conformation.",Cell,1998,2,215
32273591,The COVID-19 vaccine development landscape.,Nature reviews. Drug discovery,2020,1,347
16214268,A double-inactivated whole virus candidate SARS coronavirus vaccine stimulates neutralising and protective antibody responses.,Vaccine,2005,2,64
33335322,Phase 1/2 trial of SARS-CoV-2 vaccine ChAdOx1 nCoV-19 with a booster dose induces multifunctional antibody responses.,Nature medicine,2020,2,7
27626517,Efficacy of the Herpes Zoster Subunit Vaccine in Adults 70 Years of Age or Older.,The New England journal of medicine,2016,1,177
27061888,Variable influenza vaccine effectiveness by subtype: a systematic review and meta-analysis of test-negative design studies.,The Lancet. Infectious diseases,2016,2,176
17200946,Immunosenescence of ageing.,The Journal of pathology,2007,2,242
25589660,Generation of a transgenic mouse model of Middle East respiratory syndrome coronavirus infection and disease.,Journal of virology,2015,2,121
32289263,An Infectious cDNA Clone of SARS-CoV-2.,Cell host & microbe,2020,2,73
32636454,Infection with novel coronavirus (SARS-CoV-2) causes pneumonia in Rhesus macaques.,Cell research,2020,2,45
15507655,Immunization with modified vaccinia virus Ankara-based recombinant vaccine against severe acute respiratory syndrome is associated with enhanced hepatitis in ferrets.,Journal of virology,2004,2,156
16505353,Mucosal and systemic adjuvant activity of alphavirus replicon particles.,Proceedings of the National Academy of Sciences of the United States of America,2006,2,54
29336703,Establishing Correlates of Protection for Vaccine Development: Considerations for the Respiratory Syncytial Virus Vaccine Field.,Viral immunology,2018,2,7
32926660,Review of Current Vaccine Development Strategies to Prevent Coronavirus Disease 2019 (COVID-19).,Toxicologic pathology,2020,1,1
32375025,Structural Basis for Potent Neutralization of Betacoronaviruses by Single-Domain Camelid Antibodies.,Cell,2020,2,89
16690096,Long-lived memory T lymphocyte responses against SARS coronavirus nucleocapsid protein in SARS-recovered patients.,Virology,2006,2,65
11599686,Increased immunogenicity of the MF59-adjuvanted influenza vaccine compared to a conventional subunit vaccine in elderly subjects.,European journal of epidemiology,2001,2,27
32219057,The SARS-CoV-2 Vaccine Pipeline: an Overview.,Current tropical medicine reports,2020,2,138
32943637,"A systematic review of antibody mediated immunity to coronaviruses: kinetics, correlates of protection, and association with severity.",Nature communications,2020,2,118
23526951,Risk in vaccine research and development quantified.,PloS one,2013,2,49
26107625,Microneutralization assay titres correlate with protection against seasonal influenza H1N1 and H3N2 in children.,PloS one,2015,2,22
32356867,Contact Tracing Assessment of COVID-19 Transmission Dynamics in Taiwan and Risk at Different Exposure Periods Before and After Symptom Onset.,JAMA internal medicine,2020,2,128
15233739,Cancer immunotherapy with mRNA-transfected dendritic cells.,Immunological reviews,2004,2,82
15642942,Evasion of antibody neutralization in emerging severe acute respiratory syndrome coronaviruses.,Proceedings of the National Academy of Sciences of the United States of America,2005,2,132
17222058,A mouse-adapted SARS-coronavirus causes disease and mortality in BALB/c mice.,PLoS pathogens,2007,2,234
32079150,Incubation Period and Other Epidemiological Characteristics of 2019 Novel Coronavirus Infections with Right Truncation: A Statistical Analysis of Publicly Available Case Data.,Journal of clinical medicine,2020,2,282
16129869,A global clinical measure of fitness and frailty in elderly people.,CMAJ : Canadian Medical Association journal = journal de l'Association medicale canadienne,2005,2,1178
32659783,A perspective on potential antibody-dependent enhancement of SARS-CoV-2.,Nature,2020,2,67
23799535,Biodegradable lipids enabling rapidly eliminated lipid nanoparticles for systemic delivery of RNAi therapeutics.,Molecular therapy : the journal of the American Society of Gene Therapy,2013,2,68
12734147,Clinical features and short-term outcomes of 144 patients with SARS in the greater Toronto area.,JAMA,2003,2,592
6234369,Hepatitis-B vaccination in the elderly.,The Journal of infectious diseases,1984,2,25
28931244,The Importance of Frailty in the Assessment of Influenza Vaccine Effectiveness Against Influenza-Related Hospitalization in Elderly People.,The Journal of infectious diseases,2017,2,37
29514901,Importance of Neutralizing Monoclonal Antibodies Targeting Multiple Antigenic Sites on the Middle East Respiratory Syndrome Coronavirus Spike Glycoprotein To Avoid Neutralization Escape.,Journal of virology,2018,2,71
32450106,"Safety, tolerability, and immunogenicity of a recombinant adenovirus type-5 vectored COVID-19 vaccine: a dose-escalation, open-label, non-randomised, first-in-human trial.","Lancet (London, England)",2020,2,258
20883165,Immunogenicity and protective efficacy in mice and hamsters of a β-propiolactone inactivated whole virus SARS-CoV vaccine.,Viral immunology,2010,2,21
31351922,"Safety and immunogenicity of an anti-Middle East respiratory syndrome coronavirus DNA vaccine: a phase 1, open-label, single-arm, dose-escalation trial.",The Lancet. Infectious diseases,2019,2,78
28017642,"Immunity duration of a recombinant adenovirus type-5 vector-based Ebola vaccine and a homologous prime-boost immunisation in healthy adults in China: final report of a randomised, double-blind, placebo-controlled, phase 1 trial.",The Lancet. Global health,2016,2,17
15572765,Coot: model-building tools for molecular graphics.,"Acta crystallographica. Section D, Biological crystallography",2004,2,13441
29402578,Influenza vaccine effectiveness in older adults compared with younger adults over five seasons.,Vaccine,2018,2,8
30420505,Structure-based design of a quadrivalent fusion glycoprotein vaccine for human parainfluenza virus types 1-4.,Proceedings of the National Academy of Sciences of the United States of America,2018,2,18
4305197,An epidemiologic study of altered clinical reactivity to respiratory syncytial (RS) virus infection in children previously vaccinated with an inactivated RS virus vaccine.,American journal of epidemiology,1969,2,334
26458833,Laboratory-Scale Production of Replication-Deficient Adenovirus Vectored Vaccines.,"Methods in molecular biology (Clifton, N.J.)",2016,2,5
27708058,Rapid development of a DNA vaccine for Zika virus.,"Science (New York, N.Y.)",2016,2,169
32150748,The Incubation Period of Coronavirus Disease 2019 (COVID-19) From Publicly Reported Confirmed Cases: Estimation and Application.,Annals of internal medicine,2020,1,1110
26264835,Expression kinetics of nucleoside-modified mRNA delivered in lipid nanoparticles to mice by various routes.,Journal of controlled release : official journal of the Controlled Release Society,2015,1,110
6754243,Antibody-mediated enhancement of disease in feline infectious peritonitis: comparisons with dengue hemorrhagic fever.,"Comparative immunology, microbiology and infectious diseases",1981,2,113
32532802,The impact of COVID-19 and strategies for mitigation and suppression in low- and middle-income countries.,"Science (New York, N.Y.)",2020,2,129
22782619,Maximizing the potency of siRNA lipid nanoparticles for hepatic gene silencing in vivo.,Angewandte Chemie (International ed. in English),2012,2,144
14983044,Potent neutralization of severe acute respiratory syndrome (SARS) coronavirus by a human mAb to S1 protein that blocks receptor association.,Proceedings of the National Academy of Sciences of the United States of America,2004,2,305
14569023,Reverse genetics with a full-length infectious cDNA of severe acute respiratory syndrome coronavirus.,Proceedings of the National Academy of Sciences of the United States of America,2003,2,217
32473127,Targets of T Cell Responses to SARS-CoV-2 Coronavirus in Humans with COVID-19 Disease and Unexposed Individuals.,Cell,2020,2,537
32702299,"Immunogenicity and safety of a recombinant adenovirus type-5-vectored COVID-19 vaccine in healthy adults aged 18 years or older: a randomised, double-blind, placebo-controlled, phase 2 trial.","Lancet (London, England)",2020,1,135
16195424,Bats are natural reservoirs of SARS-like coronaviruses.,"Science (New York, N.Y.)",2005,2,947
28457665,Preclinical and Clinical Demonstration of Immunogenicity by mRNA Vaccines against H10N8 and H7N9 Influenza Viruses.,Molecular therapy : the journal of the American Society of Gene Therapy,2017,2,118
19879222,Comparative immunogenicity of recombinant influenza hemagglutinin (rHA) and trivalent inactivated vaccine (TIV) among persons &gt; or =65 years old.,Vaccine,2009,2,13
15655773,Development and characterization of a severe acute respiratory syndrome-associated coronavirus-neutralizing human monoclonal antibody that provides effective immunoprophylaxis in mice.,The Journal of infectious diseases,2005,2,81
11162792,Coronavirus spike proteins in viral entry and pathogenesis.,Virology,2001,2,300
32526206,SARS-CoV-2 Reverse Genetics Reveals a Variable Infection Gradient in the Respiratory Tract.,Cell,2020,2,173
32057769,The spike glycoprotein of the new coronavirus 2019-nCoV contains a furin-like cleavage site absent in CoV of the same clade.,Antiviral research,2020,2,419
16670345,T cell responses are better correlates of vaccine protection in the elderly.,"Journal of immunology (Baltimore, Md. : 1950)",2006,2,210
12730500,Characterization of a novel coronavirus associated with severe acute respiratory syndrome.,"Science (New York, N.Y.)",2003,2,1321
32512579,Estimating the effects of non-pharmaceutical interventions on COVID-19 in Europe.,Nature,2020,2,246
16497416,A recombinant baculovirus-expressed S glycoprotein vaccine elicits high titers of SARS-associated coronavirus (SARS-CoV) neutralizing antibodies in mice.,Vaccine,2006,2,43
20977431,Effects of respiratory syncytial virus infection and major basic protein derived from eosinophils in pulmonary alveolar epithelial cells (A549).,Cell biology international,2011,2,9
26976607,SARS-like WIV1-CoV poised for human emergence.,Proceedings of the National Academy of Sciences of the United States of America,2016,2,149
28536429,A novel neutralizing monoclonal antibody targeting the N-terminal domain of the MERS-CoV spike protein.,Emerging microbes & infections,2017,2,22
20362616,Ageing and immunity: addressing immune senescence to ensure healthy ageing.,Vaccine,2010,2,17
19800030,Phylogenetic perspectives on the epidemiology and origins of SARS and SARS-like coronaviruses.,"Infection, genetics and evolution : journal of molecular epidemiology and evolutionary genetics in infectious diseases",2009,2,18
21890902,"Generating the optimal mRNA for therapy: HPLC purification eliminates immune activation and improves translation of nucleoside-modified, protein-encoding mRNA.",Nucleic acids research,2011,2,114
19609242,Direct injection of protamine-protected mRNA: results of a phase 1/2 vaccination trial in metastatic melanoma patients.,"Journal of immunotherapy (Hagerstown, Md. : 1997)",2009,2,74
12690091,Identification of a novel coronavirus in patients with severe acute respiratory syndrome.,The New England journal of medicine,2003,2,1937
17620608,Potent cross-reactive neutralization of SARS coronavirus isolates by human monoclonal antibodies.,Proceedings of the National Academy of Sciences of the United States of America,2007,2,146
17917067,Understanding respiratory syncytial virus (RSV) vaccine-enhanced disease.,Immunologic research,2007,2,56
19234811,Differential characteristics of the early stage of lung inflammation induced by SARS-CoV Nucleocapsid protein related to age in the mouse.,Inflammation research : official journal of the European Histamine Research Society ... [et al.],2009,2,5
17928346,Viral and host factors in human respiratory syncytial virus pathogenesis.,Journal of virology,2007,2,221
18797453,Incorporation of pseudouridine into mRNA yields superior nonimmunogenic vector with increased translational capacity and biological stability.,Molecular therapy : the journal of the American Society of Gene Therapy,2008,1,221
32015507,A pneumonia outbreak associated with a new coronavirus of probable bat origin.,Nature,2020,2,4308
30712865,Unexpected Receptor Functional Mimicry Elucidates Activation of Coronavirus Fusion.,Cell,2019,2,172
15268662,Messenger RNA-based vaccines.,Expert opinion on biological therapy,2004,2,33
12682352,A major outbreak of severe acute respiratory syndrome in Hong Kong.,The New England journal of medicine,2003,2,979
15078936,Amino acids 270 to 510 of the severe acute respiratory syndrome coronavirus spike protein are required for interaction with receptor.,Journal of virology,2004,2,115
24043791,Reverse genetics with a full-length infectious cDNA of the Middle East respiratory syndrome coronavirus.,Proceedings of the National Academy of Sciences of the United States of America,2013,2,150
24850731,Effects of Toll-like receptor stimulation on eosinophilic infiltration in lungs of BALB/c mice immunized with UV-inactivated severe acute respiratory syndrome-related coronavirus vaccine.,Journal of virology,2014,2,51
12865378,Critically ill patients with severe acute respiratory syndrome.,JAMA,2003,2,131
8552671,"In vitro activation of the interferon-induced, double-stranded RNA-dependent protein kinase PKR by RNA from the 3' untranslated regions of human alpha-tropomyosin.",Proceedings of the National Academy of Sciences of the United States of America,1996,2,38
15731234,B-cell responses in patients who have recovered from severe acute respiratory syndrome target a dominant site in the S2 domain of the surface spike glycoprotein.,Journal of virology,2005,2,48
17507479,Synthetic reconstruction of zoonotic and early human severe acute respiratory syndrome coronavirus isolates that produce fatal disease in aged mice.,Journal of virology,2007,2,45
15791205,Receptor and viral determinants of SARS-coronavirus adaptation to human ACE2.,The EMBO journal,2005,2,389
12235218,A role for immune complexes in enhanced respiratory syncytial virus disease.,The Journal of experimental medicine,2002,2,139
26802140,Long-term Protection After Hepatitis B Vaccine.,The Journal of infectious diseases,2016,2,17
30616012,"Efficacy, safety and immunogenicity of live attenuated varicella vaccine in healthy children in China: double-blind, randomized, placebo-controlled clinical trial.",Clinical microbiology and infection : the official publication of the European Society of Clinical Microbiology and Infectious Diseases,2019,2,2
15208624,The RNA helicase RIG-I has an essential function in double-stranded RNA-induced innate antiviral responses.,Nature immunology,2004,2,1444
31553909,Structural Definition of a Neutralization-Sensitive Epitope on the MERS-CoV S1-NTD.,Cell reports,2019,2,24
32227757,Developing Covid-19 Vaccines at Pandemic Speed.,The New England journal of medicine,2020,1,278
17037596,"Resurrection of an ""extinct"" SARS-CoV isolate GD03 from late 2003.",Advances in experimental medicine and biology,2006,2,5
32259480,SARS-CoV-2 Vaccines: Status Report.,Immunity,2020,2,308
15054081,Antigenicity analysis of different regions of the severe acute respiratory syndrome coronavirus nucleocapsid protein.,Clinical chemistry,2004,2,37
7836924,T cell genetic background determines default T helper phenotype development in vitro.,The Journal of experimental medicine,1995,2,114
11607032,Recognition of double-stranded RNA and activation of NF-kappaB by Toll-like receptor 3.,Nature,2001,2,1767
20463105,Correlates of protection induced by vaccination.,Clinical and vaccine immunology : CVI,2010,2,473
23618766,Structure of RSV fusion glycoprotein trimer bound to a prefusion-specific neutralizing antibody.,"Science (New York, N.Y.)",2013,2,296
15577937,Severe acute respiratory syndrome.,Nature medicine,2004,2,448
27826140,Characterization of anti-MERS-CoV antibodies against various recombinant structural antigens of MERS-CoV in an imported case in China.,Emerging microbes & infections,2016,2,16
8901605,Genetic mapping of a murine locus controlling development of T helper 1/T helper 2 type responses.,Proceedings of the National Academy of Sciences of the United States of America,1996,2,39
32243722,Lessons unfolding from pediatric cases of COVID-19 disease caused by SARS-CoV-2 infection.,Pediatric pulmonology,2020,2,14
31735500,"A phase I trial evaluating the safety and immunogenicity of a candidate tuberculosis vaccination regimen, ChAdOx1 85A prime - MVA85A boost in healthy UK adults.",Vaccine,2019,2,8
15016880,Prior infection and passive transfer of neutralizing antibody prevent replication of severe acute respiratory syndrome coronavirus in the respiratory tract of mice.,Journal of virology,2004,2,225
20461061,Targeted delivery of RNAi therapeutics with endogenous and exogenous ligand-based mechanisms.,Molecular therapy : the journal of the American Society of Gene Therapy,2010,2,210
32366511,Developing a vaccine for covid-19.,BMJ (Clinical research ed.),2020,2,9
25359562,mRNA transcript therapy.,Expert review of vaccines,2014,2,30
19598148,Estimating incubation period distributions with coarse data.,Statistics in medicine,2009,2,43
12730501,The Genome sequence of the SARS-associated coronavirus.,"Science (New York, N.Y.)",2003,2,1110
12781535,Clinical progression and viral load in a community outbreak of coronavirus-associated SARS pneumonia: a prospective study.,"Lancet (London, England)",2003,2,1078
32778354,Vaccine Efficacy Needed for a COVID-19 Coronavirus Vaccine to Prevent or Stop an Epidemic as the Sole Intervention.,American journal of preventive medicine,2020,2,17
32277878,"First-wave COVID-19 transmissibility and severity in China outside Hubei after control measures, and second-wave scenario planning: a modelling impact assessment.","Lancet (London, England)",2020,2,186
16862151,A potential molecular mechanism for hypersensitivity caused by formalin-inactivated vaccines.,Nature medicine,2006,2,85
23701746,"Randomized, double-blind, placebo-controlled, safety and immunogenicity study of 4 formulations of Anthrax Vaccine Adsorbed plus CPG 7909 (AV7909) in healthy adult volunteers.",Vaccine,2013,2,23
32214079,"Severe Outcomes Among Patients with Coronavirus Disease 2019 (COVID-19) - United States, February 12-March 16, 2020.",MMWR. Morbidity and mortality weekly report,2020,2,544
32663912,An mRNA Vaccine against SARS-CoV-2 - Preliminary Report.,The New England journal of medicine,2020,1,310
17515642,Formalin-treated UV-inactivated SARS coronavirus vaccine retains its immunogenicity and promotes Th2-type immune responses.,Japanese journal of infectious diseases,2007,2,12
16731915,Antigenic and immunogenic characterization of recombinant baculovirus-expressed severe acute respiratory syndrome coronavirus spike protein: implication for vaccine design.,Journal of virology,2006,1,57
19198616,The spike protein of SARS-CoV--a target for vaccine and therapeutic development.,Nature reviews. Microbiology,2009,2,473
32540903,Isolation of potent SARS-CoV-2 neutralizing antibodies and protection from disease in a small animal model.,"Science (New York, N.Y.)",2020,2,226
10037236,An advanced culture method for generating large quantities of highly pure dendritic cells from mouse bone marrow.,Journal of immunological methods,1999,2,1044
18191004,Chimeric coronavirus-like particles carrying severe acute respiratory syndrome coronavirus (SCoV) S protein protect mice against challenge with SCoV.,Vaccine,2007,2,37
32540900,Broad neutralization of SARS-related viruses by human monoclonal antibodies.,"Science (New York, N.Y.)",2020,2,98
32344679,"The COVID-19 Pandemic: A Comprehensive Review of Taxonomy, Genetics, Epidemiology, Diagnosis, Treatment, and Control.",Journal of clinical medicine,2020,2,68
30102747,Cryo-EM structure of the SARS coronavirus spike glycoprotein in complex with its host cell receptor ACE2.,PLoS pathogens,2018,2,221
32376603,Development of an inactivated vaccine candidate for SARS-CoV-2.,"Science (New York, N.Y.)",2020,2,256
15650189,Molecular and biological characterization of human monoclonal antibodies binding to the spike and nucleocapsid proteins of severe acute respiratory syndrome coronavirus.,Journal of virology,2005,2,68
32497196,Neutralizing Antibodies Responses to SARS-CoV-2 in COVID-19 Inpatients and Convalescent Patients.,Clinical infectious diseases : an official publication of the Infectious Diseases Society of America,2020,2,58
32433465,Immunogenicity of a DNA vaccine candidate for COVID-19.,Nature communications,2020,2,110
25078002,Beyond D-luciferin: expanding the scope of bioluminescence imaging in vivo.,Current opinion in chemical biology,2014,2,47
32785213,Phase I/II study of COVID-19 RNA vaccine BNT162b1 in adults.,Nature,2020,2,91
32007143,"Epidemiological and clinical characteristics of 99 cases of 2019 novel coronavirus pneumonia in Wuhan, China: a descriptive study.","Lancet (London, England)",2020,2,4980
17313487,Immunosenescence: emerging challenges for an ageing population.,Immunology,2007,2,197
21325420,Evidence that TMPRSS2 activates the severe acute respiratory syndrome coronavirus spike protein for membrane fusion and reduces viral control by the humoral immune response.,Journal of virology,2011,2,338
12748314,SARS-associated coronavirus.,The New England journal of medicine,2003,2,131
27578435,"Structure, Function, and Evolution of Coronavirus Spike Proteins.",Annual review of virology,2016,2,558
32896291,"Safety and immunogenicity of an rAd26 and rAd5 vector-based heterologous prime-boost COVID-19 vaccine in two formulations: two open, non-randomised phase 1/2 studies from Russia.","Lancet (London, England)",2020,2,77
11121305,Leginon: an automated system for acquisition of images from vitreous ice specimens.,Journal of structural biology,2000,2,93
24040512,Collaboration gets the most out of software.,eLife,2013,2,339
29069368,Immune Responses to Twice-Annual Influenza Vaccination in Older Adults in Hong Kong.,Clinical infectious diseases : an official publication of the Infectious Diseases Society of America,2018,2,5
30830861,Anti-spike IgG causes severe acute lung injury by skewing macrophage responses during acute SARS-CoV infection.,JCI insight,2019,2,263
32463443,RSV neutralizing antibodies at birth predict protection from RSV illness in infants in the first three months of life.,Clinical infectious diseases : an official publication of the Infectious Diseases Society of America,2020,2,3
20960282,Immunogenicity of the spike glycoprotein of bat SARS-like coronavirus.,Virologica Sinica,2010,2,2
30681265,"OMIP-052: An 18-Color Panel for Measuring Th1, Th2, Th17, and Tfh Responses in Rhesus Macaques.",Cytometry. Part A : the journal of the International Society for Analytical Cytology,2019,2,1
1690918,Direct gene transfer into mouse muscle in vivo.,"Science (New York, N.Y.)",1990,2,610
14647384,Angiotensin-converting enzyme 2 is a functional receptor for the SARS coronavirus.,Nature,2003,2,1993
15708987,Recombinant modified vaccinia virus Ankara expressing the spike glycoprotein of severe acute respiratory syndrome coronavirus induces protective neutralizing antibodies primarily targeting the receptor binding region.,Journal of virology,2005,2,114
32555388,Convergent antibody responses to SARS-CoV-2 in convalescent individuals.,Nature,2020,2,278
15220038,Human monoclonal antibody as prophylaxis for SARS coronavirus infection in ferrets.,"Lancet (London, England)",2004,2,137
16166518,Structure of SARS coronavirus spike receptor-binding domain complexed with receptor.,"Science (New York, N.Y.)",2005,2,682
17416434,Vaccines to prevent severe acute respiratory syndrome coronavirus-induced disease.,Virus research,2007,2,63
16213065,Antibody response to influenza vaccination in the elderly: a quantitative review.,Vaccine,2005,2,342
15286725,Fibrotic disease and the T(H)1/T(H)2 paradigm.,Nature reviews. Immunology,2004,2,518
12690092,A novel coronavirus associated with severe acute respiratory syndrome.,The New England journal of medicine,2003,2,1910
18582997,Alphavirus replicon particles acting as adjuvants promote CD8+ T cell responses to co-delivered antigen.,Vaccine,2008,2,21
17344286,Severe acute respiratory syndrome coronavirus accessory protein 6 is a virion-associated protein and is released from 6 protein-expressing cells.,Journal of virology,2007,2,34
19079256,Lack of antibody affinity maturation due to poor Toll-like receptor stimulation leads to enhanced respiratory syncytial virus disease.,Nature medicine,2008,2,199
32434945,DNA vaccine protection against SARS-CoV-2 in rhesus macaques.,"Science (New York, N.Y.)",2020,2,225
15161975,Structural characterization of the fusion-active complex of severe acute respiratory syndrome (SARS) coronavirus.,Proceedings of the National Academy of Sciences of the United States of America,2004,2,54
21619905,"International seroepidemiology of adenovirus serotypes 5, 26, 35, and 48 in pediatric and adult populations.",Vaccine,2011,2,107
17021110,Age dependence of adenovirus-specific neutralizing antibody titers in individuals from sub-Saharan Africa.,Journal of clinical microbiology,2006,2,57
31986264,"Clinical features of patients infected with 2019 novel coronavirus in Wuhan, China.","Lancet (London, England)",2020,2,9912
31312806,Therapeutic Vaccination Refocuses T-cell Responses Towards Conserved Regions of HIV-1 in Early Treated Individuals (BCN 01 study).,EClinicalMedicine,2019,2,12
32434946,SARS-CoV-2 infection protects against rechallenge in rhesus macaques.,"Science (New York, N.Y.)",2020,2,193
14605137,Quantifying adenovirus-neutralizing antibodies by luciferase transgene detection: addressing preexisting immunity to vaccine and gene therapy vectors.,Journal of clinical microbiology,2003,2,91
17108024,"Severe acute respiratory syndrome coronavirus open reading frame (ORF) 3b, ORF 6, and nucleocapsid proteins function as interferon antagonists.",Journal of virology,2006,2,294
32203366,The coronavirus pandemic in five powerful charts.,Nature,2020,2,61
23306021,Transfection efficiency and transgene expression kinetics of mRNA delivered in naked and nanoparticle format.,Journal of controlled release : official journal of the Controlled Release Society,2013,2,45
30501873,Vaccination in the elderly: The challenge of immune changes with aging.,Seminars in immunology,2018,2,35
32591408,Phenotype and kinetics of SARS-CoV-2-specific T cells in COVID-19 patients with acute respiratory distress syndrome.,Science immunology,2020,2,157
32789505,Effect of an Inactivated Vaccine Against SARS-CoV-2 on Safety and Immunogenicity Outcomes: Interim Analysis of 2 Randomized Clinical Trials.,JAMA,2020,2,65
24453361,Blocking of exchange proteins directly activated by cAMP leads to reduced replication of Middle East respiratory syndrome coronavirus.,Journal of virology,2014,2,26
15670750,The role of apolipoprotein E in the elimination of liposomes from blood by hepatocytes in the mouse.,Biochemical and biophysical research communications,2005,2,22
19181630,Comparison of histochemical methods for murine eosinophil detection in an RSV vaccine-enhanced inflammation model.,Toxicologic pathology,2009,2,53
12163607,"Stabilization of the soluble, cleaved, trimeric form of the envelope glycoprotein complex of human immunodeficiency virus type 1.",Journal of virology,2002,2,238
32887977,Broad and strong memory CD4<sup>+</sup> and CD8<sup>+</sup> T cells induced by SARS-CoV-2 in UK convalescent individuals following COVID-19.,Nature immunology,2020,2,84
31079849,mRNA vaccines against H10N8 and H7N9 influenza viruses of pandemic potential are immunogenic and well tolerated in healthy adults in phase 1 randomized clinical trials.,Vaccine,2019,2,48
15381196,Cellular entry of the SARS coronavirus.,Trends in microbiology,2004,2,84
23051623,Manual restraint and common compound administration routes in mice and rats.,Journal of visualized experiments : JoVE,2012,2,29
16732888,Characterization of the ribonuclease activity on the skin surface.,Genetic vaccines and therapy,2006,2,18
15220033,Mucosal immunisation of African green monkeys (Cercopithecus aethiops) with an attenuated parainfluenza virus expressing the SARS coronavirus spike protein for the prevention of SARS.,"Lancet (London, England)",2004,2,147
15155925,"Infectious diseases. One year after outbreak, SARS virus yields some secrets.","Science (New York, N.Y.)",2004,2,13
15194770,Identification of an antigenic determinant on the S2 domain of the severe acute respiratory syndrome coronavirus spike glycoprotein capable of inducing neutralizing antibodies.,Journal of virology,2004,2,87
15356154,Identification of immunodominant sites on the spike protein of severe acute respiratory syndrome (SARS) coronavirus: implication for developing SARS diagnostics and vaccines.,"Journal of immunology (Baltimore, Md. : 1950)",2004,2,77
28111638,Rapid profiling of RSV antibody repertoires from the memory B cells of naturally infected adult donors.,Science immunology,2016,2,58
32991794,Safety and Immunogenicity of SARS-CoV-2 mRNA-1273 Vaccine in Older Adults.,The New England journal of medicine,2020,1,80
14675530,The secret life of ACE2 as a receptor for the SARS virus.,Cell,2003,2,58
27346939,"Available influenza vaccines: immunization strategies, history and new tools for fighting the disease.",Journal of preventive medicine and hygiene,2016,2,11
14681510,The severe acute respiratory syndrome.,The New England journal of medicine,2003,2,507
12184362,Mechanisms of stimulation of the immune response by aluminum adjuvants.,Vaccine,2002,2,72
23296926,HPLC purification of in vitro transcribed long RNA.,"Methods in molecular biology (Clifton, N.J.)",2013,2,29
25830322,A Recombinant Vesicular Stomatitis Virus Ebola Vaccine.,The New England journal of medicine,2015,2,142
22844480,"Matrix-M™ adjuvant induces local recruitment, activation and maturation of central immune cells in absence of antigen.",PloS one,2012,2,23
22095567,Magnitude of potential biases in a simulated case-control study of the effectiveness of influenza vaccination.,Clinical infectious diseases : an official publication of the Infectious Diseases Society of America,2011,1,20
32320465,Phase 1 Safety and Immunogenicity Study of a Respiratory Syncytial Virus Vaccine With an Adenovirus 26 Vector Encoding Prefusion F (Ad26.RSV.preF) in Adults Aged ≥60 Years.,The Journal of infectious diseases,2020,2,4
14729660,mRNA is an endogenous ligand for Toll-like receptor 3.,The Journal of biological chemistry,2004,2,311
8522182,The tobacco etch viral 5' leader and poly(A) tail are functionally synergistic regulators of translation.,Gene,1995,2,35
12774078,Virus detectives seek source of SARS in China's wild animals.,Nature,2003,2,14
19888339,A neutralizing human monoclonal antibody protects against lethal disease in a new ferret model of acute nipah virus infection.,PLoS pathogens,2009,2,116
29471464,"Poor Immunogenicity, Not Vaccine Strain Egg Adaptation, May Explain the Low H3N2 Influenza Vaccine Effectiveness in 2012-2013.",Clinical infectious diseases : an official publication of the Infectious Diseases Society of America,2018,2,15
9518670,Phosphate-enhanced transfection of cationic lipid-complexed mRNA and plasmid DNA.,Biochimica et biophysica acta,1998,2,12
32393526,A strategic approach to COVID-19 vaccine R&amp;D.,"Science (New York, N.Y.)",2020,2,73
32074444,SARS-CoV-2 Viral Load in Upper Respiratory Specimens of Infected Patients.,The New England journal of medicine,2020,2,1416
18463152,A live attenuated severe acute respiratory syndrome coronavirus is immunogenic and efficacious in golden Syrian hamsters.,Journal of virology,2008,2,70
15324552,Mice susceptible to SARS coronavirus.,Emerging infectious diseases,2004,2,40
32571838,A neutralizing human antibody binds to the N-terminal domain of the Spike protein of SARS-CoV-2.,"Science (New York, N.Y.)",2020,2,158
14564000,LMO2-associated clonal T cell proliferation in two patients after gene therapy for SCID-X1.,"Science (New York, N.Y.)",2003,2,1100
32015508,A new coronavirus associated with human respiratory disease in China.,Nature,2020,2,1951
16254327,Modulation of the immune response to the severe acute respiratory syndrome spike glycoprotein by gene-based and inactivated virus immunization.,Journal of virology,2005,2,26